{"namedChunkGroups":{"polyfill":{"name":"polyfill","assets":[{"name":"webpack-runtime-73a7ed6ca1fe400b9655.js","size":5272},{"name":"polyfill-7864fbd181389e7199fa.js","size":84336}],"filteredAssets":0,"assetsSize":89608,"filteredAuxiliaryAssets":2,"auxiliaryAssetsSize":226370},"app":{"name":"app","assets":[{"name":"webpack-runtime-73a7ed6ca1fe400b9655.js","size":5272},{"name":"framework-0068a62ee68a6c63e163.js","size":129925},{"name":"app-c606df7b2442426710b9.js","size":260317}],"filteredAssets":0,"assetsSize":395514,"filteredAuxiliaryAssets":3,"auxiliaryAssetsSize":1479187},"component---src-pages-404-js":{"name":"component---src-pages-404-js","assets":[{"name":"d7eeaac4-78049dd42a15c0622258.js","size":1048},{"name":"commons-11832c8eefa5b2700400.js","size":270227},{"name":"component---src-pages-404-js-8daa9b19aa4fd52537ea.js","size":408}],"filteredAssets":0,"assetsSize":271683,"filteredAuxiliaryAssets":8,"auxiliaryAssetsSize":2479102},"component---src-pages-index-js":{"name":"component---src-pages-index-js","assets":[{"name":"d7eeaac4-78049dd42a15c0622258.js","size":1048},{"name":"commons-11832c8eefa5b2700400.js","size":270227},{"name":"component---src-pages-index-js-68a66d47cc859ef47470.js","size":51080}],"filteredAssets":0,"assetsSize":322355,"filteredAuxiliaryAssets":8,"auxiliaryAssetsSize":2616637},"FocusOne":{"name":"FocusOne","assets":[{"name":"commons-11832c8eefa5b2700400.js","size":270227}],"filteredAssets":0,"assetsSize":270227,"filteredAuxiliaryAssets":6,"auxiliaryAssetsSize":1728318},"FoucusTwo":{"name":"FoucusTwo","assets":[{"name":"styles.638ba7860a1b91a910bd.css","size":21325},{"name":"252f366e-c45cd5497b8ec43fb2c6.js","size":561},{"name":"commons-11832c8eefa5b2700400.js","size":270227},{"name":"FoucusTwo-bb260ea6987d8b329ab1.js","size":16233}],"filteredAssets":0,"assetsSize":308346,"filteredAuxiliaryAssets":8,"auxiliaryAssetsSize":2195069},"NewMarket":{"name":"NewMarket","assets":[{"name":"styles.638ba7860a1b91a910bd.css","size":21325},{"name":"252f366e-c45cd5497b8ec43fb2c6.js","size":561},{"name":"commons-11832c8eefa5b2700400.js","size":270227},{"name":"NewMarket-3454d3d758c2ca5c9716.js","size":30647}],"filteredAssets":0,"assetsSize":322760,"filteredAuxiliaryAssets":8,"auxiliaryAssetsSize":2195909},"Esg":{"name":"Esg","assets":[{"name":"commons-11832c8eefa5b2700400.js","size":270227},{"name":"Esg-5b755ff40f74e11d726b.js","size":27724}],"filteredAssets":0,"assetsSize":297951,"filteredAuxiliaryAssets":7,"auxiliaryAssetsSize":1748971}},"assetsByChunkName":{"polyfill":["webpack-runtime-73a7ed6ca1fe400b9655.js","polyfill-7864fbd181389e7199fa.js"],"app":["webpack-runtime-73a7ed6ca1fe400b9655.js","framework-0068a62ee68a6c63e163.js","app-c606df7b2442426710b9.js"],"component---src-pages-404-js":["d7eeaac4-78049dd42a15c0622258.js","commons-11832c8eefa5b2700400.js","component---src-pages-404-js-8daa9b19aa4fd52537ea.js"],"component---src-pages-index-js":["d7eeaac4-78049dd42a15c0622258.js","commons-11832c8eefa5b2700400.js","component---src-pages-index-js-68a66d47cc859ef47470.js"],"FocusOne":["commons-11832c8eefa5b2700400.js"],"FoucusTwo":["styles.638ba7860a1b91a910bd.css","252f366e-c45cd5497b8ec43fb2c6.js","commons-11832c8eefa5b2700400.js","FoucusTwo-bb260ea6987d8b329ab1.js"],"NewMarket":["styles.638ba7860a1b91a910bd.css","252f366e-c45cd5497b8ec43fb2c6.js","commons-11832c8eefa5b2700400.js","NewMarket-3454d3d758c2ca5c9716.js"],"Esg":["commons-11832c8eefa5b2700400.js","Esg-5b755ff40f74e11d726b.js"]},"childAssetsByChunkName":{}}