{"polyfill":["/polyfill-d663f320d557435b0c8b.js"],"app":["/app-51add9f5053bc1c726d5.js"],"component---src-pages-404-js":["/component---src-pages-404-js-c0af138c937a0148ccf2.js"],"component---src-pages-index-js":["/component---src-pages-index-js-a77e2cf45499e5de1380.js"],"VideoModal":["/VideoModal-ca56ead8143a5abb43b5.js"],"FocusOne":["/FocusOne-b6043af8d54048ecefb3.js"],"FoucusTwo":["/FoucusTwo-b0ce71d2b2a0272b9917.js"],"NewMarket":["/NewMarket-fce44bf38d1cb346fcdf.js"],"Esg":["/Esg-2c7b56e203e5d592c37f.js"],"Fund":["/Fund-cd3b147e5328ddafee26.js"],"Buy":["/Buy-9590597c0f801fae5d26.js"],"Menu":["/Menu-3565d28e6025a2ea6874.js"],"react-headroom":["/react-headroom-4a406813d36c6ae321a0.js"],"react-slick":["/react-slick-09c951a9a7f90215f810.js"],"react-fade-in":["/react-fade-in-fdf1387c76f666ddcf0b.js"]}