{"namedChunkGroups":{"polyfill":{"name":"polyfill","assets":[{"name":"webpack-runtime-1ce782148ce029638778.js","size":5834},{"name":"polyfill-d663f320d557435b0c8b.js","size":84323}],"filteredAssets":0,"assetsSize":90157,"filteredAuxiliaryAssets":2,"auxiliaryAssetsSize":227415},"app":{"name":"app","assets":[{"name":"webpack-runtime-1ce782148ce029638778.js","size":5834},{"name":"framework-0068a62ee68a6c63e163.js","size":129925},{"name":"app-51add9f5053bc1c726d5.js","size":285661}],"filteredAssets":0,"assetsSize":421420,"filteredAuxiliaryAssets":3,"auxiliaryAssetsSize":1554632},"component---src-pages-404-js":{"name":"component---src-pages-404-js","assets":[{"name":"component---src-pages-404-js-c0af138c937a0148ccf2.js","size":405}],"filteredAssets":0,"assetsSize":405,"filteredAuxiliaryAssets":1,"auxiliaryAssetsSize":435},"component---src-pages-index-js":{"name":"component---src-pages-index-js","assets":[{"name":"d0447323-b46b38027aac421002e1.js","size":1443},{"name":"78e521c3-0e728faed2274bd0a42b.js","size":598},{"name":"95b64a6e-03b374dd8a5da1f7ca32.js","size":512},{"name":"31664189-8e93ee2586cd5004da73.js","size":1178},{"name":"d64684d8-431d886a889c808801f0.js","size":457},{"name":"component---src-pages-index-js-a77e2cf45499e5de1380.js","size":156396}],"filteredAssets":0,"assetsSize":160584,"filteredAuxiliaryAssets":6,"auxiliaryAssetsSize":5815503},"VideoModal":{"name":"VideoModal","assets":[{"name":"styles.d50c4a2ee4c8697fc4de.css","size":22728},{"name":"commons-0383c5d03cad132429a8.js","size":151366},{"name":"VideoModal-ca56ead8143a5abb43b5.js","size":3200}],"filteredAssets":0,"assetsSize":177294,"filteredAuxiliaryAssets":2,"auxiliaryAssetsSize":786088},"FocusOne":{"name":"FocusOne","assets":[{"name":"commons-0383c5d03cad132429a8.js","size":151366},{"name":"FocusOne-b6043af8d54048ecefb3.js","size":23040}],"filteredAssets":0,"assetsSize":174406,"filteredAuxiliaryAssets":2,"auxiliaryAssetsSize":790858},"FoucusTwo":{"name":"FoucusTwo","assets":[{"name":"styles.d50c4a2ee4c8697fc4de.css","size":22728},{"name":"252f366e-e0a78b29690969c93378.js","size":561},{"name":"commons-0383c5d03cad132429a8.js","size":151366},{"name":"FoucusTwo-b0ce71d2b2a0272b9917.js","size":16828}],"filteredAssets":0,"assetsSize":191483,"filteredAuxiliaryAssets":3,"auxiliaryAssetsSize":1241577},"NewMarket":{"name":"NewMarket","assets":[{"name":"styles.d50c4a2ee4c8697fc4de.css","size":22728},{"name":"252f366e-e0a78b29690969c93378.js","size":561},{"name":"commons-0383c5d03cad132429a8.js","size":151366},{"name":"NewMarket-fce44bf38d1cb346fcdf.js","size":28951}],"filteredAssets":0,"assetsSize":203606,"filteredAuxiliaryAssets":3,"auxiliaryAssetsSize":1243926},"Esg":{"name":"Esg","assets":[{"name":"commons-0383c5d03cad132429a8.js","size":151366},{"name":"Esg-2c7b56e203e5d592c37f.js","size":14232}],"filteredAssets":0,"assetsSize":165598,"filteredAuxiliaryAssets":2,"auxiliaryAssetsSize":784407},"Fund":{"name":"Fund","assets":[{"name":"commons-0383c5d03cad132429a8.js","size":151366},{"name":"Fund-cd3b147e5328ddafee26.js","size":8140}],"filteredAssets":0,"assetsSize":159506,"filteredAuxiliaryAssets":2,"auxiliaryAssetsSize":784738},"Buy":{"name":"Buy","assets":[{"name":"Buy-9590597c0f801fae5d26.js","size":5450}],"filteredAssets":0,"assetsSize":5450,"filteredAuxiliaryAssets":1,"auxiliaryAssetsSize":19337},"Menu":{"name":"Menu","assets":[{"name":"d7eeaac4-4bead50b046313e2e610.js","size":1048},{"name":"commons-0383c5d03cad132429a8.js","size":151366},{"name":"Menu-3565d28e6025a2ea6874.js","size":6043}],"filteredAssets":0,"assetsSize":158457,"filteredAuxiliaryAssets":3,"auxiliaryAssetsSize":1547020},"react-headroom":{"name":"react-headroom","assets":[{"name":"react-headroom-4a406813d36c6ae321a0.js","size":11004}],"filteredAssets":0,"assetsSize":11004,"filteredAuxiliaryAssets":1,"auxiliaryAssetsSize":36336},"react-slick":{"name":"react-slick","assets":[{"name":"commons-0383c5d03cad132429a8.js","size":151366},{"name":"react-slick-09c951a9a7f90215f810.js","size":54331}],"filteredAssets":0,"assetsSize":205697,"filteredAuxiliaryAssets":2,"auxiliaryAssetsSize":986154},"react-fade-in":{"name":"react-fade-in","assets":[{"name":"react-fade-in-fdf1387c76f666ddcf0b.js","size":1857}],"filteredAssets":0,"assetsSize":1857,"filteredAuxiliaryAssets":1,"auxiliaryAssetsSize":6122}},"assetsByChunkName":{"polyfill":["webpack-runtime-1ce782148ce029638778.js","polyfill-d663f320d557435b0c8b.js"],"app":["webpack-runtime-1ce782148ce029638778.js","framework-0068a62ee68a6c63e163.js","app-51add9f5053bc1c726d5.js"],"component---src-pages-404-js":["component---src-pages-404-js-c0af138c937a0148ccf2.js"],"component---src-pages-index-js":["d0447323-b46b38027aac421002e1.js","78e521c3-0e728faed2274bd0a42b.js","95b64a6e-03b374dd8a5da1f7ca32.js","31664189-8e93ee2586cd5004da73.js","d64684d8-431d886a889c808801f0.js","component---src-pages-index-js-a77e2cf45499e5de1380.js"],"VideoModal":["styles.d50c4a2ee4c8697fc4de.css","commons-0383c5d03cad132429a8.js","VideoModal-ca56ead8143a5abb43b5.js"],"FocusOne":["commons-0383c5d03cad132429a8.js","FocusOne-b6043af8d54048ecefb3.js"],"FoucusTwo":["styles.d50c4a2ee4c8697fc4de.css","252f366e-e0a78b29690969c93378.js","commons-0383c5d03cad132429a8.js","FoucusTwo-b0ce71d2b2a0272b9917.js"],"NewMarket":["styles.d50c4a2ee4c8697fc4de.css","252f366e-e0a78b29690969c93378.js","commons-0383c5d03cad132429a8.js","NewMarket-fce44bf38d1cb346fcdf.js"],"Esg":["commons-0383c5d03cad132429a8.js","Esg-2c7b56e203e5d592c37f.js"],"Fund":["commons-0383c5d03cad132429a8.js","Fund-cd3b147e5328ddafee26.js"],"Buy":["Buy-9590597c0f801fae5d26.js"],"Menu":["d7eeaac4-4bead50b046313e2e610.js","commons-0383c5d03cad132429a8.js","Menu-3565d28e6025a2ea6874.js"],"react-headroom":["react-headroom-4a406813d36c6ae321a0.js"],"react-slick":["commons-0383c5d03cad132429a8.js","react-slick-09c951a9a7f90215f810.js"],"react-fade-in":["react-fade-in-fdf1387c76f666ddcf0b.js"]},"childAssetsByChunkName":{}}