{"namedChunkGroups":{"polyfill":{"name":"polyfill","assets":[{"name":"webpack-runtime-f21f8903947acedd880b.js","size":5494},{"name":"polyfill-835952d42f7ddc4480ed.js","size":84337}],"filteredAssets":0,"assetsSize":89831,"filteredAuxiliaryAssets":2,"auxiliaryAssetsSize":226769},"app":{"name":"app","assets":[{"name":"webpack-runtime-f21f8903947acedd880b.js","size":5494},{"name":"framework-aa65aa58bcad261efb3a.js","size":129939},{"name":"app-6d990b43d2a557d88d1d.js","size":278911}],"filteredAssets":0,"assetsSize":414344,"filteredAuxiliaryAssets":3,"auxiliaryAssetsSize":1526476},"component---src-pages-404-js":{"name":"component---src-pages-404-js","assets":[{"name":"component---src-pages-404-js-4e7c76855de2d117192b.js","size":419}],"filteredAssets":0,"assetsSize":419,"filteredAuxiliaryAssets":1,"auxiliaryAssetsSize":435},"component---src-pages-index-js":{"name":"component---src-pages-index-js","assets":[{"name":"styles.25f04533aee3f656e740.css","size":22728},{"name":"d0447323-bae9677efc9d4b605c61.js","size":1457},{"name":"78e521c3-ba22c30e8cda656e819a.js","size":612},{"name":"252f366e-a381db76c14ebc11119a.js","size":575},{"name":"95b64a6e-af11ea0860b7deb18eb2.js","size":526},{"name":"31664189-b6428d97c500d58f6128.js","size":1192},{"name":"d64684d8-2e661c94abe04219219e.js","size":471},{"name":"component---src-pages-index-js-4c46b7ebd692b0d1c8ba.js","size":222348}],"filteredAssets":0,"assetsSize":249909,"filteredAuxiliaryAssets":7,"auxiliaryAssetsSize":6264050}},"assetsByChunkName":{"polyfill":["webpack-runtime-f21f8903947acedd880b.js","polyfill-835952d42f7ddc4480ed.js"],"app":["webpack-runtime-f21f8903947acedd880b.js","framework-aa65aa58bcad261efb3a.js","app-6d990b43d2a557d88d1d.js"],"component---src-pages-404-js":["component---src-pages-404-js-4e7c76855de2d117192b.js"],"component---src-pages-index-js":["styles.25f04533aee3f656e740.css","d0447323-bae9677efc9d4b605c61.js","78e521c3-ba22c30e8cda656e819a.js","252f366e-a381db76c14ebc11119a.js","95b64a6e-af11ea0860b7deb18eb2.js","31664189-b6428d97c500d58f6128.js","d64684d8-2e661c94abe04219219e.js","component---src-pages-index-js-4c46b7ebd692b0d1c8ba.js"]},"childAssetsByChunkName":{}}