{"namedChunkGroups":{"polyfill":{"name":"polyfill","assets":[{"name":"webpack-runtime-a217f71ed2afeb855cbf.js","size":5494},{"name":"polyfill-835952d42f7ddc4480ed.js","size":84337}],"filteredAssets":0,"assetsSize":89831,"filteredAuxiliaryAssets":2,"auxiliaryAssetsSize":226769},"app":{"name":"app","assets":[{"name":"webpack-runtime-a217f71ed2afeb855cbf.js","size":5494},{"name":"framework-aa65aa58bcad261efb3a.js","size":129939},{"name":"app-899f2a1ded460fb0ec14.js","size":278909}],"filteredAssets":0,"assetsSize":414342,"filteredAuxiliaryAssets":3,"auxiliaryAssetsSize":1526469},"component---src-pages-404-js":{"name":"component---src-pages-404-js","assets":[{"name":"component---src-pages-404-js-4e7c76855de2d117192b.js","size":419}],"filteredAssets":0,"assetsSize":419,"filteredAuxiliaryAssets":1,"auxiliaryAssetsSize":435},"component---src-pages-index-js":{"name":"component---src-pages-index-js","assets":[{"name":"styles.25f04533aee3f656e740.css","size":22728},{"name":"d0447323-bae9677efc9d4b605c61.js","size":1457},{"name":"78e521c3-ba22c30e8cda656e819a.js","size":612},{"name":"252f366e-a381db76c14ebc11119a.js","size":575},{"name":"95b64a6e-af11ea0860b7deb18eb2.js","size":526},{"name":"31664189-b6428d97c500d58f6128.js","size":1192},{"name":"d64684d8-2e661c94abe04219219e.js","size":471},{"name":"component---src-pages-index-js-d059227cd3697a9ce279.js","size":222157}],"filteredAssets":0,"assetsSize":249718,"filteredAuxiliaryAssets":7,"auxiliaryAssetsSize":6263871}},"assetsByChunkName":{"polyfill":["webpack-runtime-a217f71ed2afeb855cbf.js","polyfill-835952d42f7ddc4480ed.js"],"app":["webpack-runtime-a217f71ed2afeb855cbf.js","framework-aa65aa58bcad261efb3a.js","app-899f2a1ded460fb0ec14.js"],"component---src-pages-404-js":["component---src-pages-404-js-4e7c76855de2d117192b.js"],"component---src-pages-index-js":["styles.25f04533aee3f656e740.css","d0447323-bae9677efc9d4b605c61.js","78e521c3-ba22c30e8cda656e819a.js","252f366e-a381db76c14ebc11119a.js","95b64a6e-af11ea0860b7deb18eb2.js","31664189-b6428d97c500d58f6128.js","d64684d8-2e661c94abe04219219e.js","component---src-pages-index-js-d059227cd3697a9ce279.js"]},"childAssetsByChunkName":{}}